path,top_keys,referenced_by,issues
configs/cfd_markets.yaml,AD|BP|BRENT|BTC|CAC|CL|DAX|EC,SESSION_68_PIPELINE_REVIEW.md|SESSION_65_TASKS.md|scripts/generate_sweep_configs.py|run_cluster_sweep.py|docs/PROJECT_STATE_REVIEW.md,
configs/local_sweeps/AD_all_timeframes.yaml,datasets|engine|leaderboard|pipeline|promotion_gate|strategy_types|sweep,,
configs/local_sweeps/BP_all_timeframes.yaml,datasets|engine|leaderboard|pipeline|promotion_gate|strategy_types|sweep,,
configs/local_sweeps/BRENT_all_timeframes.yaml,datasets|engine|leaderboard|pipeline|promotion_gate|strategy_types|sweep,,
configs/local_sweeps/BTC_all_timeframes.yaml,datasets|engine|leaderboard|pipeline|promotion_gate|strategy_types|sweep,,
configs/local_sweeps/CAC_all_timeframes.yaml,datasets|engine|leaderboard|pipeline|promotion_gate|strategy_types|sweep,,
configs/local_sweeps/CL_all_timeframes.yaml,datasets|engine|leaderboard|pipeline|promotion_gate|strategy_types|sweep,,
configs/local_sweeps/DAX_all_timeframes.yaml,datasets|engine|leaderboard|pipeline|promotion_gate|strategy_types|sweep,,
configs/local_sweeps/EC_all_timeframes.yaml,datasets|engine|leaderboard|pipeline|promotion_gate|strategy_types|sweep,,
configs/local_sweeps/ES_all_timeframes.yaml,datasets|engine|leaderboard|pipeline|promotion_gate|strategy_types|sweep,run_local_sweep.py,
configs/local_sweeps/ES_daily_cfd_v1.yaml,datasets|engine|leaderboard|pipeline|promotion_gate|strategy_types|sweep,SESSION_68_PIPELINE_REVIEW.md|SESSION_68_TASKS.md|docs/PROJECT_STATE_REVIEW.md|configs/local_sweeps/ES_daily_cfd_v1.yaml,
configs/local_sweeps/ETH_all_timeframes.yaml,datasets|engine|leaderboard|pipeline|promotion_gate|strategy_types|sweep,,
configs/local_sweeps/FTSE_all_timeframes.yaml,datasets|engine|leaderboard|pipeline|promotion_gate|strategy_types|sweep,,
configs/local_sweeps/GC_all_timeframes.yaml,datasets|engine|leaderboard|pipeline|promotion_gate|strategy_types|sweep,,
configs/local_sweeps/HG_all_timeframes.yaml,datasets|engine|leaderboard|pipeline|promotion_gate|strategy_types|sweep,,
configs/local_sweeps/JY_all_timeframes.yaml,datasets|engine|leaderboard|pipeline|promotion_gate|strategy_types|sweep,,
configs/local_sweeps/N225_all_timeframes.yaml,datasets|engine|leaderboard|pipeline|promotion_gate|strategy_types|sweep,,
configs/local_sweeps/NG_all_timeframes.yaml,datasets|engine|leaderboard|pipeline|promotion_gate|strategy_types|sweep,,
configs/local_sweeps/NQ_all_timeframes.yaml,datasets|engine|leaderboard|pipeline|promotion_gate|strategy_types|sweep,,
configs/local_sweeps/NZDUSD_all_timeframes.yaml,datasets|engine|leaderboard|pipeline|promotion_gate|strategy_types|sweep,,
configs/local_sweeps/RTY_all_timeframes.yaml,datasets|engine|leaderboard|pipeline|promotion_gate|strategy_types|sweep,,
configs/local_sweeps/SI_all_timeframes.yaml,datasets|engine|leaderboard|pipeline|promotion_gate|strategy_types|sweep,,
configs/local_sweeps/STOXX_all_timeframes.yaml,datasets|engine|leaderboard|pipeline|promotion_gate|strategy_types|sweep,,
configs/local_sweeps/USDCAD_all_timeframes.yaml,datasets|engine|leaderboard|pipeline|promotion_gate|strategy_types|sweep,,
configs/local_sweeps/USDCHF_all_timeframes.yaml,datasets|engine|leaderboard|pipeline|promotion_gate|strategy_types|sweep,,
configs/local_sweeps/YM_all_timeframes.yaml,datasets|engine|leaderboard|pipeline|promotion_gate|strategy_types|sweep,,
config.yaml,datasets|engine|leaderboard|output_dir|pipeline|promotion_gate|strategy_types,master_strategy_engine.py|tests/test_cloud_launcher.py|scripts/audit_configs.py|CHANGELOG_DEV.md|archive/sessions/SESSION_54B_TASKS.md,
