strategy_name,hold_bars,stop_distance_points,min_avg_range,momentum_lookback,total_trades,trades_per_year,passes_trade_filter,reject_reason,net_pnl,gross_profit,gross_loss,average_trade,profit_factor,max_drawdown,win_rate,average_mae_points,average_mfe_points,is_trades,oos_trades,is_pf,oos_pf,recent_12m_trades,recent_12m_pf,quality_flag,quality_score,pct_profitable_years,max_consecutive_losing_years,consistency_flag,strategy_type,combo_filters,combo_filter_class_names
RefinedBreakout_HB20_ATR0.5_COMP0.8_MOM0,20,0.5,0.8,0,212,11.645811400210558,True,ACCEPT,-2371.0,344477.5,-346848.5,-11.18,0.99,-60812.5,33.96,-5.12,7.45,85,127,0.98,1.0,26,0.79,MARGINAL_BORDERLINE,0.5554,0.5556,2,MIXED,breakout,"CompressionFilter,ExpansionBarFilter,BreakoutCloseStrengthFilter,BreakoutDistanceFilter,RisingBaseFilter","CompressionFilter,ExpansionBarFilter,BreakoutCloseStrengthFilter,BreakoutDistanceFilter,RisingBaseFilter"
RefinedBreakout_HB12_ATR1.5_COMP0.8_MOM0,12,1.5,0.8,0,201,11.041547601143028,True,ACCEPT,-3462.0,125223.0,-128685.0,-17.22,0.97,-22282.5,47.76,-7.76,8.23,84,117,0.82,1.05,24,1.18,MARGINAL_BORDERLINE,0.5275,0.5,2,MIXED,breakout,"CompressionFilter,ExpansionBarFilter,BreakoutCloseStrengthFilter,BreakoutDistanceFilter,RisingBaseFilter","CompressionFilter,ExpansionBarFilter,BreakoutCloseStrengthFilter,BreakoutDistanceFilter,RisingBaseFilter"
RefinedBreakout_HB20_ATR1.5_COMP0.8_MOM0,20,1.5,0.8,0,187,10.272484584147993,True,ACCEPT,-3519.0,137356.5,-140875.5,-18.82,0.98,-25536.0,47.06,-8.64,9.85,78,109,0.94,0.99,21,1.14,MARGINAL_BORDERLINE,0.5388,0.5,4,MIXED,breakout,"CompressionFilter,ExpansionBarFilter,BreakoutCloseStrengthFilter,BreakoutDistanceFilter,RisingBaseFilter","CompressionFilter,ExpansionBarFilter,BreakoutCloseStrengthFilter,BreakoutDistanceFilter,RisingBaseFilter"
RefinedBreakout_HB20_ATR1.25_COMP0.8_MOM0,20,1.25,0.8,0,187,10.272484584147993,True,ACCEPT,-4960.5,133731.5,-138692.0,-26.53,0.96,-20973.0,45.45,-8.07,9.74,78,109,0.84,1.02,21,1.15,MARGINAL_BORDERLINE,0.5155,0.4444,3,MIXED,breakout,"CompressionFilter,ExpansionBarFilter,BreakoutCloseStrengthFilter,BreakoutDistanceFilter,RisingBaseFilter","CompressionFilter,ExpansionBarFilter,BreakoutCloseStrengthFilter,BreakoutDistanceFilter,RisingBaseFilter"
RefinedBreakout_HB12_ATR1.25_COMP0.8_MOM0,12,1.25,0.8,0,201,11.041547601143028,True,ACCEPT,-5551.0,124714.5,-130265.5,-27.62,0.96,-21539.0,47.26,-7.4,8.22,84,117,0.83,1.02,24,1.11,MARGINAL_BORDERLINE,0.5256,0.5,2,MIXED,breakout,"CompressionFilter,ExpansionBarFilter,BreakoutCloseStrengthFilter,BreakoutDistanceFilter,RisingBaseFilter","CompressionFilter,ExpansionBarFilter,BreakoutCloseStrengthFilter,BreakoutDistanceFilter,RisingBaseFilter"
RefinedBreakout_HB16_ATR1.5_COMP0.8_MOM0,16,1.5,0.8,0,193,10.602083020003008,True,ACCEPT,-6028.5,126411.0,-132439.5,-31.24,0.95,-25330.5,50.26,-8.31,9.02,81,112,0.85,1.01,22,1.22,MARGINAL_BORDERLINE,0.5283,0.5,3,MIXED,breakout,"CompressionFilter,ExpansionBarFilter,BreakoutCloseStrengthFilter,BreakoutDistanceFilter,RisingBaseFilter","CompressionFilter,ExpansionBarFilter,BreakoutCloseStrengthFilter,BreakoutDistanceFilter,RisingBaseFilter"
RefinedBreakout_HB16_ATR1.25_COMP0.8_MOM0,16,1.25,0.8,0,193,10.602083020003008,True,ACCEPT,-6831.0,123544.0,-130375.0,-35.39,0.95,-23191.5,49.22,-7.84,8.97,81,112,0.78,1.04,22,1.28,MARGINAL_BORDERLINE,0.4746,0.3889,6,INCONSISTENT,breakout,"CompressionFilter,ExpansionBarFilter,BreakoutCloseStrengthFilter,BreakoutDistanceFilter,RisingBaseFilter","CompressionFilter,ExpansionBarFilter,BreakoutCloseStrengthFilter,BreakoutDistanceFilter,RisingBaseFilter"
RefinedBreakout_HB12_ATR2.0_COMP0.8_MOM0,12,2.0,0.8,0,201,11.041547601143028,True,ACCEPT,-8208.0,83482.0,-91690.0,-40.84,0.91,-16277.0,47.76,-8.25,8.23,84,117,0.78,0.97,24,1.12,MARGINAL_BORDERLINE,0.5155,0.5,2,MIXED,breakout,"CompressionFilter,ExpansionBarFilter,BreakoutCloseStrengthFilter,BreakoutDistanceFilter,RisingBaseFilter","CompressionFilter,ExpansionBarFilter,BreakoutCloseStrengthFilter,BreakoutDistanceFilter,RisingBaseFilter"
RefinedBreakout_HB8_ATR1.5_COMP0.8_MOM0,8,1.5,0.8,0,211,11.590878327568054,True,ACCEPT,-8344.5,106824.0,-115168.5,-39.55,0.93,-22074.0,46.45,-6.65,7.0,89,122,0.91,0.94,25,1.23,MARGINAL,0.5549,0.5,3,MIXED,breakout,"CompressionFilter,ExpansionBarFilter,BreakoutCloseStrengthFilter,BreakoutDistanceFilter,RisingBaseFilter","CompressionFilter,ExpansionBarFilter,BreakoutCloseStrengthFilter,BreakoutDistanceFilter,RisingBaseFilter"
RefinedBreakout_HB20_ATR1.0_COMP0.9_MOM0,20,1.0,0.9,0,849,46.63817867348473,True,ACCEPT,-9302.5,663160.5,-672463.0,-10.96,0.99,-68567.0,42.29,-6.96,8.39,453,396,0.8,1.1,57,0.86,MARGINAL_BORDERLINE,0.4686,0.4211,5,INCONSISTENT,breakout,"CompressionFilter,ExpansionBarFilter,BreakoutCloseStrengthFilter,BreakoutDistanceFilter,RisingBaseFilter","CompressionFilter,ExpansionBarFilter,BreakoutCloseStrengthFilter,BreakoutDistanceFilter,RisingBaseFilter"
RefinedBreakout_HB8_ATR1.25_COMP0.8_MOM0,8,1.25,0.8,0,211,11.590878327568054,True,ACCEPT,-10070.5,108855.5,-118926.0,-47.73,0.92,-24142.0,45.97,-6.52,7.0,89,122,0.88,0.93,25,1.22,MARGINAL,0.5463,0.5,3,MIXED,breakout,"CompressionFilter,ExpansionBarFilter,BreakoutCloseStrengthFilter,BreakoutDistanceFilter,RisingBaseFilter","CompressionFilter,ExpansionBarFilter,BreakoutCloseStrengthFilter,BreakoutDistanceFilter,RisingBaseFilter"
RefinedBreakout_HB20_ATR2.0_COMP0.8_MOM0,20,2.0,0.8,0,187,10.272484584147993,True,ACCEPT,-10296.0,92655.0,-102951.0,-55.06,0.9,-22899.0,48.13,-9.35,9.94,78,109,0.87,0.91,21,1.13,MARGINAL,0.5232,0.4444,4,MIXED,breakout,"CompressionFilter,ExpansionBarFilter,BreakoutCloseStrengthFilter,BreakoutDistanceFilter,RisingBaseFilter","CompressionFilter,ExpansionBarFilter,BreakoutCloseStrengthFilter,BreakoutDistanceFilter,RisingBaseFilter"
RefinedBreakout_HB8_ATR2.0_COMP0.8_MOM0,8,2.0,0.8,0,211,11.590878327568054,True,ACCEPT,-10638.0,71216.0,-81854.0,-50.42,0.87,-19162.0,46.45,-7.03,7.0,89,122,0.89,0.86,25,1.1,MARGINAL,0.5374,0.5,3,MIXED,breakout,"CompressionFilter,ExpansionBarFilter,BreakoutCloseStrengthFilter,BreakoutDistanceFilter,RisingBaseFilter","CompressionFilter,ExpansionBarFilter,BreakoutCloseStrengthFilter,BreakoutDistanceFilter,RisingBaseFilter"
RefinedBreakout_HB16_ATR2.0_COMP0.8_MOM0,16,2.0,0.8,0,193,10.602083020003008,True,ACCEPT,-10919.0,84274.0,-95193.0,-56.58,0.89,-23012.0,50.26,-8.94,9.02,81,112,0.77,0.94,22,1.25,MARGINAL,0.5055,0.4444,3,MIXED,breakout,"CompressionFilter,ExpansionBarFilter,BreakoutCloseStrengthFilter,BreakoutDistanceFilter,RisingBaseFilter","CompressionFilter,ExpansionBarFilter,BreakoutCloseStrengthFilter,BreakoutDistanceFilter,RisingBaseFilter"
RefinedBreakout_HB20_ATR1.25_COMP0.9_MOM0,20,1.25,0.9,0,835,45.8691156564897,True,ACCEPT,-11340.0,550607.0,-561947.0,-13.58,0.98,-54370.5,44.07,-7.41,8.69,451,384,0.8,1.09,56,0.68,MARGINAL,0.4585,0.4737,5,INCONSISTENT,breakout,"CompressionFilter,ExpansionBarFilter,BreakoutCloseStrengthFilter,BreakoutDistanceFilter,RisingBaseFilter","CompressionFilter,ExpansionBarFilter,BreakoutCloseStrengthFilter,BreakoutDistanceFilter,RisingBaseFilter"
RefinedBreakout_HB12_ATR0.75_COMP0.8_MOM0,12,0.75,0.8,0,210,11.535945254925553,True,ACCEPT,-11534.5,230838.0,-242372.5,-54.93,0.95,-41942.0,41.9,-6.2,7.39,86,124,0.98,0.94,24,0.91,MARGINAL_BORDERLINE,0.5236,0.4444,4,MIXED,breakout,"CompressionFilter,ExpansionBarFilter,BreakoutCloseStrengthFilter,BreakoutDistanceFilter,RisingBaseFilter","CompressionFilter,ExpansionBarFilter,BreakoutCloseStrengthFilter,BreakoutDistanceFilter,RisingBaseFilter"
RefinedBreakout_HB20_ATR0.75_COMP0.8_MOM0,20,0.75,0.8,0,198,10.87674838321552,True,ACCEPT,-13362.5,228651.0,-242013.5,-67.49,0.94,-51550.0,38.89,-6.62,8.45,80,118,1.02,0.91,22,1.39,MARGINAL_BORDERLINE,0.5615,0.5,3,MIXED,breakout,"CompressionFilter,ExpansionBarFilter,BreakoutCloseStrengthFilter,BreakoutDistanceFilter,RisingBaseFilter","CompressionFilter,ExpansionBarFilter,BreakoutCloseStrengthFilter,BreakoutDistanceFilter,RisingBaseFilter"
RefinedBreakout_HB20_ATR1.0_COMP0.8_MOM0,20,1.0,0.8,0,192,10.547149947360506,True,ACCEPT,-15118.5,175122.0,-190240.5,-78.74,0.92,-43076.5,42.71,-7.51,9.08,79,113,0.93,0.92,21,1.41,MARGINAL,0.5717,0.5,3,MIXED,breakout,"CompressionFilter,ExpansionBarFilter,BreakoutCloseStrengthFilter,BreakoutDistanceFilter,RisingBaseFilter","CompressionFilter,ExpansionBarFilter,BreakoutCloseStrengthFilter,BreakoutDistanceFilter,RisingBaseFilter"
RefinedBreakout_HB24_ATR1.25_COMP0.8_MOM0,24,1.25,0.8,0,183,10.052752293577981,True,ACCEPT,-17711.0,123619.0,-141330.0,-96.78,0.87,-31149.5,47.54,-8.6,10.27,77,106,0.74,0.95,21,0.98,MARGINAL,0.4521,0.3889,5,INCONSISTENT,breakout,"CompressionFilter,ExpansionBarFilter,BreakoutCloseStrengthFilter,BreakoutDistanceFilter,RisingBaseFilter","CompressionFilter,ExpansionBarFilter,BreakoutCloseStrengthFilter,BreakoutDistanceFilter,RisingBaseFilter"
RefinedBreakout_HB32_ATR1.25_COMP0.8_MOM0,32,1.25,0.8,0,178,9.778086930365468,True,ACCEPT,-19655.0,130946.0,-150601.0,-110.42,0.87,-33318.5,46.07,-9.23,10.97,74,104,0.7,0.96,21,0.85,MARGINAL_BORDERLINE,0.4142,0.3333,7,INCONSISTENT,breakout,"CompressionFilter,ExpansionBarFilter,BreakoutCloseStrengthFilter,BreakoutDistanceFilter,RisingBaseFilter","CompressionFilter,ExpansionBarFilter,BreakoutCloseStrengthFilter,BreakoutDistanceFilter,RisingBaseFilter"
RefinedBreakout_HB16_ATR1.25_COMP0.9_MOM0,16,1.25,0.9,0,874,48.0115054895473,True,ACCEPT,-19687.5,506256.0,-525943.5,-22.53,0.96,-62130.0,44.28,-7.14,7.99,472,402,0.75,1.11,56,0.84,MARGINAL_BORDERLINE,0.4523,0.3684,5,INCONSISTENT,breakout,"CompressionFilter,ExpansionBarFilter,BreakoutCloseStrengthFilter,BreakoutDistanceFilter,RisingBaseFilter","CompressionFilter,ExpansionBarFilter,BreakoutCloseStrengthFilter,BreakoutDistanceFilter,RisingBaseFilter"
RefinedBreakout_HB12_ATR0.5_COMP0.8_MOM0,12,0.5,0.8,0,224,12.30500827192059,True,ACCEPT,-19925.0,322158.0,-342083.0,-88.95,0.94,-61986.5,36.16,-4.93,6.49,91,133,0.94,0.94,27,0.63,MARGINAL,0.5082,0.4444,4,MIXED,breakout,"CompressionFilter,ExpansionBarFilter,BreakoutCloseStrengthFilter,BreakoutDistanceFilter,RisingBaseFilter","CompressionFilter,ExpansionBarFilter,BreakoutCloseStrengthFilter,BreakoutDistanceFilter,RisingBaseFilter"
RefinedBreakout_HB12_ATR1.0_COMP0.8_MOM0,12,1.0,0.8,0,206,11.316212964355541,True,ACCEPT,-20302.0,163819.0,-184121.0,-98.55,0.89,-39286.5,44.17,-6.9,7.7,85,121,0.86,0.9,24,1.23,MARGINAL,0.5394,0.4444,3,MIXED,breakout,"CompressionFilter,ExpansionBarFilter,BreakoutCloseStrengthFilter,BreakoutDistanceFilter,RisingBaseFilter","CompressionFilter,ExpansionBarFilter,BreakoutCloseStrengthFilter,BreakoutDistanceFilter,RisingBaseFilter"
RefinedBreakout_HB32_ATR0.75_COMP0.8_MOM0,32,0.75,0.8,0,189,10.382350729432996,True,ACCEPT,-20556.5,225402.5,-245959.0,-108.76,0.92,-53295.0,38.1,-7.34,9.43,77,112,0.86,0.95,21,1.18,MARGINAL,0.5218,0.5,4,MIXED,breakout,"CompressionFilter,ExpansionBarFilter,BreakoutCloseStrengthFilter,BreakoutDistanceFilter,RisingBaseFilter","CompressionFilter,ExpansionBarFilter,BreakoutCloseStrengthFilter,BreakoutDistanceFilter,RisingBaseFilter"
RefinedBreakout_HB40_ATR1.0_COMP0.9_MOM0,40,1.0,0.9,0,785,43.122462024364566,True,ACCEPT,-21819.5,697755.5,-719575.0,-27.8,0.97,-76890.5,40.89,-8.16,10.23,414,371,0.79,1.09,54,0.8,MARGINAL,0.464,0.4737,5,INCONSISTENT,breakout,"CompressionFilter,ExpansionBarFilter,BreakoutCloseStrengthFilter,BreakoutDistanceFilter,RisingBaseFilter","CompressionFilter,ExpansionBarFilter,BreakoutCloseStrengthFilter,BreakoutDistanceFilter,RisingBaseFilter"
RefinedBreakout_HB40_ATR1.25_COMP0.8_MOM0,40,1.25,0.8,0,174,9.558354639795457,True,ACCEPT,-22057.0,129977.0,-152034.0,-126.76,0.85,-31381.0,44.83,-9.51,11.58,73,101,0.71,0.93,20,0.73,MARGINAL,0.4095,0.3889,7,INCONSISTENT,breakout,"CompressionFilter,ExpansionBarFilter,BreakoutCloseStrengthFilter,BreakoutDistanceFilter,RisingBaseFilter","CompressionFilter,ExpansionBarFilter,BreakoutCloseStrengthFilter,BreakoutDistanceFilter,RisingBaseFilter"
RefinedBreakout_HB24_ATR2.0_COMP0.8_MOM0,24,2.0,0.8,0,183,10.052752293577981,True,ACCEPT,-23539.0,87281.0,-110820.0,-128.63,0.79,-35034.0,50.82,-10.26,10.5,77,106,0.76,0.8,21,0.83,MARGINAL,0.4509,0.2778,7,INCONSISTENT,breakout,"CompressionFilter,ExpansionBarFilter,BreakoutCloseStrengthFilter,BreakoutDistanceFilter,RisingBaseFilter","CompressionFilter,ExpansionBarFilter,BreakoutCloseStrengthFilter,BreakoutDistanceFilter,RisingBaseFilter"
RefinedBreakout_HB16_ATR1.0_COMP0.8_MOM0,16,1.0,0.8,0,198,10.87674838321552,True,ACCEPT,-24168.5,154678.0,-178846.5,-122.06,0.86,-51325.5,45.45,-7.32,8.36,82,116,0.8,0.9,22,1.55,MARGINAL,0.5107,0.3889,6,INCONSISTENT,breakout,"CompressionFilter,ExpansionBarFilter,BreakoutCloseStrengthFilter,BreakoutDistanceFilter,RisingBaseFilter","CompressionFilter,ExpansionBarFilter,BreakoutCloseStrengthFilter,BreakoutDistanceFilter,RisingBaseFilter"
RefinedBreakout_HB32_ATR0.5_COMP0.8_MOM0,32,0.5,0.8,0,206,11.316212964355541,True,ACCEPT,-24396.0,311750.5,-336146.5,-118.43,0.93,-64984.0,32.04,-5.36,8.11,83,123,0.87,0.96,25,0.69,MARGINAL_BORDERLINE,0.4857,0.4444,4,MIXED,breakout,"CompressionFilter,ExpansionBarFilter,BreakoutCloseStrengthFilter,BreakoutDistanceFilter,RisingBaseFilter","CompressionFilter,ExpansionBarFilter,BreakoutCloseStrengthFilter,BreakoutDistanceFilter,RisingBaseFilter"
RefinedBreakout_HB16_ATR0.75_COMP0.8_MOM0,16,0.75,0.8,0,204,11.206346819070536,True,ACCEPT,-24547.0,208538.5,-233085.5,-120.33,0.89,-57347.0,41.18,-6.51,7.88,83,121,0.9,0.89,23,1.36,MARGINAL,0.5464,0.3889,4,INCONSISTENT,breakout,"CompressionFilter,ExpansionBarFilter,BreakoutCloseStrengthFilter,BreakoutDistanceFilter,RisingBaseFilter","CompressionFilter,ExpansionBarFilter,BreakoutCloseStrengthFilter,BreakoutDistanceFilter,RisingBaseFilter"
RefinedBreakout_HB32_ATR2.0_COMP0.8_MOM0,32,2.0,0.8,0,178,9.778086930365468,True,ACCEPT,-24574.0,90454.0,-115028.0,-138.06,0.79,-36194.0,48.88,-11.06,11.23,74,104,0.69,0.83,21,0.67,MARGINAL,0.4159,0.2778,7,INCONSISTENT,breakout,"CompressionFilter,ExpansionBarFilter,BreakoutCloseStrengthFilter,BreakoutDistanceFilter,RisingBaseFilter","CompressionFilter,ExpansionBarFilter,BreakoutCloseStrengthFilter,BreakoutDistanceFilter,RisingBaseFilter"
RefinedBreakout_HB20_ATR2.0_COMP0.9_MOM0,20,2.0,0.9,0,830,45.594450293277184,True,ACCEPT,-25090.0,364635.0,-389725.0,-30.23,0.94,-38430.0,45.78,-8.39,9.01,451,379,0.81,1.01,54,0.82,MARGINAL_BORDERLINE,0.4867,0.3684,3,INCONSISTENT,breakout,"CompressionFilter,ExpansionBarFilter,BreakoutCloseStrengthFilter,BreakoutDistanceFilter,RisingBaseFilter","CompressionFilter,ExpansionBarFilter,BreakoutCloseStrengthFilter,BreakoutDistanceFilter,RisingBaseFilter"
RefinedBreakout_HB8_ATR1.0_COMP0.8_MOM0,8,1.0,0.8,0,215,11.810610618138066,True,ACCEPT,-25570.0,140863.0,-166433.0,-118.93,0.85,-46076.5,43.26,-6.23,6.72,90,125,0.86,0.84,25,1.33,MARGINAL,0.551,0.5,3,MIXED,breakout,"CompressionFilter,ExpansionBarFilter,BreakoutCloseStrengthFilter,BreakoutDistanceFilter,RisingBaseFilter","CompressionFilter,ExpansionBarFilter,BreakoutCloseStrengthFilter,BreakoutDistanceFilter,RisingBaseFilter"
RefinedBreakout_HB24_ATR1.5_COMP0.8_MOM0,24,1.5,0.8,0,183,10.052752293577981,True,ACCEPT,-25808.5,117959.0,-143767.5,-141.03,0.82,-41608.5,49.18,-9.23,10.41,77,106,0.8,0.83,21,0.83,MARGINAL,0.4564,0.2778,7,INCONSISTENT,breakout,"CompressionFilter,ExpansionBarFilter,BreakoutCloseStrengthFilter,BreakoutDistanceFilter,RisingBaseFilter","CompressionFilter,ExpansionBarFilter,BreakoutCloseStrengthFilter,BreakoutDistanceFilter,RisingBaseFilter"
RefinedBreakout_HB32_ATR1.0_COMP0.8_MOM0,32,1.0,0.8,0,183,10.052752293577981,True,ACCEPT,-26265.0,170725.0,-196990.0,-143.52,0.87,-49374.0,42.62,-8.45,10.15,75,108,0.77,0.91,21,1.05,MARGINAL,0.4825,0.4444,4,MIXED,breakout,"CompressionFilter,ExpansionBarFilter,BreakoutCloseStrengthFilter,BreakoutDistanceFilter,RisingBaseFilter","CompressionFilter,ExpansionBarFilter,BreakoutCloseStrengthFilter,BreakoutDistanceFilter,RisingBaseFilter"
RefinedBreakout_HB12_ATR2.0_COMP0.9_MOM0,12,2.0,0.9,0,900,49.43976537825237,True,ACCEPT,-26350.0,329861.0,-356211.0,-29.28,0.93,-41336.0,45.33,-7.21,7.47,483,417,0.76,1.04,56,0.9,MARGINAL_BORDERLINE,0.4681,0.3684,4,INCONSISTENT,breakout,"CompressionFilter,ExpansionBarFilter,BreakoutCloseStrengthFilter,BreakoutDistanceFilter,RisingBaseFilter","CompressionFilter,ExpansionBarFilter,BreakoutCloseStrengthFilter,BreakoutDistanceFilter,RisingBaseFilter"
RefinedBreakout_HB8_ATR2.0_COMP0.9_MOM0,8,2.0,0.9,0,959,52.68081666416002,True,ACCEPT,-26647.0,294085.0,-320732.0,-27.79,0.92,-50524.0,44.84,-6.21,6.31,521,438,0.66,1.11,58,1.07,MARGINAL_BORDERLINE,0.4682,0.4737,3,MIXED,breakout,"CompressionFilter,ExpansionBarFilter,BreakoutCloseStrengthFilter,BreakoutDistanceFilter,RisingBaseFilter","CompressionFilter,ExpansionBarFilter,BreakoutCloseStrengthFilter,BreakoutDistanceFilter,RisingBaseFilter"
RefinedBreakout_HB12_ATR1.25_COMP0.9_MOM0,12,1.25,0.9,0,905,49.71443074146488,True,ACCEPT,-26901.5,487009.0,-513910.5,-29.73,0.95,-56703.0,43.98,-6.58,7.35,483,422,0.77,1.06,58,0.73,MARGINAL,0.4478,0.2632,5,INCONSISTENT,breakout,"CompressionFilter,ExpansionBarFilter,BreakoutCloseStrengthFilter,BreakoutDistanceFilter,RisingBaseFilter","CompressionFilter,ExpansionBarFilter,BreakoutCloseStrengthFilter,BreakoutDistanceFilter,RisingBaseFilter"
RefinedBreakout_HB32_ATR1.5_COMP0.8_MOM0,32,1.5,0.8,0,178,9.778086930365468,True,ACCEPT,-27440.5,122690.0,-150130.5,-154.16,0.82,-43328.0,47.75,-9.93,11.12,74,104,0.75,0.85,21,0.71,MARGINAL,0.4282,0.3333,7,INCONSISTENT,breakout,"CompressionFilter,ExpansionBarFilter,BreakoutCloseStrengthFilter,BreakoutDistanceFilter,RisingBaseFilter","CompressionFilter,ExpansionBarFilter,BreakoutCloseStrengthFilter,BreakoutDistanceFilter,RisingBaseFilter"
RefinedBreakout_HB40_ATR1.5_COMP0.8_MOM0,40,1.5,0.8,0,174,9.558354639795457,True,ACCEPT,-27521.0,124392.0,-151913.0,-158.17,0.82,-40506.0,45.98,-10.26,11.75,73,101,0.79,0.84,20,0.65,MARGINAL,0.4439,0.4444,6,INCONSISTENT,breakout,"CompressionFilter,ExpansionBarFilter,BreakoutCloseStrengthFilter,BreakoutDistanceFilter,RisingBaseFilter","CompressionFilter,ExpansionBarFilter,BreakoutCloseStrengthFilter,BreakoutDistanceFilter,RisingBaseFilter"
RefinedBreakout_HB40_ATR2.0_COMP0.9_MOM0,40,2.0,0.9,0,762,41.859001353587004,True,ACCEPT,-28421.0,419944.0,-448365.0,-37.3,0.94,-47928.0,46.85,-10.24,11.34,411,351,0.76,1.05,51,0.79,MARGINAL,0.4366,0.3158,7,INCONSISTENT,breakout,"CompressionFilter,ExpansionBarFilter,BreakoutCloseStrengthFilter,BreakoutDistanceFilter,RisingBaseFilter","CompressionFilter,ExpansionBarFilter,BreakoutCloseStrengthFilter,BreakoutDistanceFilter,RisingBaseFilter"
RefinedBreakout_HB20_ATR1.5_COMP0.9_MOM0,20,1.5,0.9,0,832,45.70431643856219,True,ACCEPT,-28569.5,456661.5,-485231.0,-34.34,0.94,-44283.0,44.83,-7.87,8.85,451,381,0.81,1.02,55,0.68,MARGINAL_BORDERLINE,0.4806,0.4211,3,MIXED,breakout,"CompressionFilter,ExpansionBarFilter,BreakoutCloseStrengthFilter,BreakoutDistanceFilter,RisingBaseFilter","CompressionFilter,ExpansionBarFilter,BreakoutCloseStrengthFilter,BreakoutDistanceFilter,RisingBaseFilter"
RefinedBreakout_HB16_ATR2.0_COMP0.9_MOM0,16,2.0,0.9,0,869,47.73684012633478,True,ACCEPT,-29777.0,350025.0,-379802.0,-34.27,0.92,-42893.0,46.03,-7.98,8.21,472,397,0.76,1.03,54,0.85,MARGINAL_BORDERLINE,0.4584,0.2632,4,INCONSISTENT,breakout,"CompressionFilter,ExpansionBarFilter,BreakoutCloseStrengthFilter,BreakoutDistanceFilter,RisingBaseFilter","CompressionFilter,ExpansionBarFilter,BreakoutCloseStrengthFilter,BreakoutDistanceFilter,RisingBaseFilter"
RefinedBreakout_HB40_ATR2.0_COMP0.8_MOM0,40,2.0,0.8,0,174,9.558354639795457,True,ACCEPT,-30842.0,90444.0,-121286.0,-177.25,0.75,-39746.0,47.13,-11.69,11.87,73,101,0.71,0.76,20,0.61,MARGINAL,0.4385,0.4444,6,INCONSISTENT,breakout,"CompressionFilter,ExpansionBarFilter,BreakoutCloseStrengthFilter,BreakoutDistanceFilter,RisingBaseFilter","CompressionFilter,ExpansionBarFilter,BreakoutCloseStrengthFilter,BreakoutDistanceFilter,RisingBaseFilter"
RefinedBreakout_HB16_ATR1.5_COMP0.9_MOM0,16,1.5,0.9,0,871,47.84670627161979,True,ACCEPT,-31816.0,407175.5,-438991.5,-36.53,0.93,-46789.5,45.24,-7.52,8.11,472,399,0.77,1.04,55,0.66,MARGINAL_BORDERLINE,0.4523,0.3684,4,INCONSISTENT,breakout,"CompressionFilter,ExpansionBarFilter,BreakoutCloseStrengthFilter,BreakoutDistanceFilter,RisingBaseFilter","CompressionFilter,ExpansionBarFilter,BreakoutCloseStrengthFilter,BreakoutDistanceFilter,RisingBaseFilter"
RefinedBreakout_HB12_ATR1.5_COMP0.9_MOM0,12,1.5,0.9,0,902,49.54963152353737,True,ACCEPT,-32137.5,393534.0,-425671.5,-35.63,0.92,-45907.0,44.46,-6.86,7.43,483,419,0.76,1.03,57,0.63,MARGINAL_BORDERLINE,0.4502,0.3684,4,INCONSISTENT,breakout,"CompressionFilter,ExpansionBarFilter,BreakoutCloseStrengthFilter,BreakoutDistanceFilter,RisingBaseFilter","CompressionFilter,ExpansionBarFilter,BreakoutCloseStrengthFilter,BreakoutDistanceFilter,RisingBaseFilter"
RefinedBreakout_HB16_ATR0.5_COMP0.8_MOM0,16,0.5,0.8,0,217,11.920476763423071,True,ACCEPT,-32556.0,299979.5,-332535.5,-150.03,0.9,-70819.0,34.1,-5.11,6.97,88,129,0.89,0.91,26,0.65,MARGINAL,0.5074,0.4444,3,MIXED,breakout,"CompressionFilter,ExpansionBarFilter,BreakoutCloseStrengthFilter,BreakoutDistanceFilter,RisingBaseFilter","CompressionFilter,ExpansionBarFilter,BreakoutCloseStrengthFilter,BreakoutDistanceFilter,RisingBaseFilter"
RefinedBreakout_HB24_ATR0.75_COMP0.8_MOM0,24,0.75,0.8,0,194,10.65701609264551,True,ACCEPT,-32881.5,204610.5,-237492.0,-169.49,0.86,-62624.0,39.18,-6.98,8.85,79,115,0.93,0.83,22,1.07,MARGINAL,0.5119,0.4444,3,MIXED,breakout,"CompressionFilter,ExpansionBarFilter,BreakoutCloseStrengthFilter,BreakoutDistanceFilter,RisingBaseFilter","CompressionFilter,ExpansionBarFilter,BreakoutCloseStrengthFilter,BreakoutDistanceFilter,RisingBaseFilter"
RefinedBreakout_HB24_ATR1.0_COMP0.8_MOM0,24,1.0,0.8,0,188,10.327417656790495,True,ACCEPT,-32894.5,154994.0,-187888.5,-174.97,0.82,-55653.5,43.62,-7.95,9.51,78,110,0.82,0.83,21,1.2,MARGINAL,0.4927,0.3333,7,INCONSISTENT,breakout,"CompressionFilter,ExpansionBarFilter,BreakoutCloseStrengthFilter,BreakoutDistanceFilter,RisingBaseFilter","CompressionFilter,ExpansionBarFilter,BreakoutCloseStrengthFilter,BreakoutDistanceFilter,RisingBaseFilter"
RefinedBreakout_HB12_ATR1.0_COMP0.9_MOM0,12,1.0,0.9,0,919,50.483493758459915,True,ACCEPT,-34241.0,591936.0,-626177.0,-37.26,0.95,-70762.5,42.87,-6.3,7.08,485,434,0.77,1.05,59,0.83,MARGINAL,0.4548,0.2632,5,INCONSISTENT,breakout,"CompressionFilter,ExpansionBarFilter,BreakoutCloseStrengthFilter,BreakoutDistanceFilter,RisingBaseFilter","CompressionFilter,ExpansionBarFilter,BreakoutCloseStrengthFilter,BreakoutDistanceFilter,RisingBaseFilter"
RefinedBreakout_HB16_ATR1.0_COMP0.9_MOM0,16,1.0,0.9,0,886,48.670702361257334,True,ACCEPT,-34316.0,603123.5,-637439.5,-38.73,0.95,-77255.0,42.78,-6.76,7.72,474,412,0.75,1.08,57,0.97,MARGINAL,0.4638,0.4211,5,INCONSISTENT,breakout,"CompressionFilter,ExpansionBarFilter,BreakoutCloseStrengthFilter,BreakoutDistanceFilter,RisingBaseFilter","CompressionFilter,ExpansionBarFilter,BreakoutCloseStrengthFilter,BreakoutDistanceFilter,RisingBaseFilter"
RefinedBreakout_HB40_ATR1.0_COMP0.8_MOM0,40,1.0,0.8,0,179,9.83302000300797,True,ACCEPT,-34388.0,166546.0,-200934.0,-192.11,0.83,-52009.5,40.22,-8.69,10.68,74,105,0.8,0.84,20,0.8,MARGINAL,0.4831,0.5,4,MIXED,breakout,"CompressionFilter,ExpansionBarFilter,BreakoutCloseStrengthFilter,BreakoutDistanceFilter,RisingBaseFilter","CompressionFilter,ExpansionBarFilter,BreakoutCloseStrengthFilter,BreakoutDistanceFilter,RisingBaseFilter"
RefinedBreakout_HB8_ATR1.5_COMP0.9_MOM0,8,1.5,0.9,0,960,52.735749736802525,True,ACCEPT,-34537.5,311550.0,-346087.5,-35.98,0.9,-56974.0,44.27,-5.93,6.28,521,439,0.67,1.1,59,0.9,MARGINAL,0.4579,0.4737,3,MIXED,breakout,"CompressionFilter,ExpansionBarFilter,BreakoutCloseStrengthFilter,BreakoutDistanceFilter,RisingBaseFilter","CompressionFilter,ExpansionBarFilter,BreakoutCloseStrengthFilter,BreakoutDistanceFilter,RisingBaseFilter"
RefinedBreakout_HB24_ATR0.5_COMP0.8_MOM0,24,0.5,0.8,0,210,11.535945254925553,True,ACCEPT,-37075.0,290348.0,-327423.0,-176.55,0.89,-77821.0,34.29,-5.18,7.7,85,125,0.94,0.86,26,0.6,MARGINAL,0.5153,0.6111,2,CONSISTENT,breakout,"CompressionFilter,ExpansionBarFilter,BreakoutCloseStrengthFilter,BreakoutDistanceFilter,RisingBaseFilter","CompressionFilter,ExpansionBarFilter,BreakoutCloseStrengthFilter,BreakoutDistanceFilter,RisingBaseFilter"
RefinedBreakout_HB8_ATR0.75_COMP0.8_MOM0,8,0.75,0.8,0,222,12.195142126635584,True,ACCEPT,-38256.5,186133.5,-224390.0,-172.33,0.83,-66934.5,40.99,-5.81,6.32,91,131,0.94,0.78,27,0.95,MARGINAL,0.4914,0.4444,3,MIXED,breakout,"CompressionFilter,ExpansionBarFilter,BreakoutCloseStrengthFilter,BreakoutDistanceFilter,RisingBaseFilter","CompressionFilter,ExpansionBarFilter,BreakoutCloseStrengthFilter,BreakoutDistanceFilter,RisingBaseFilter"
RefinedBreakout_HB40_ATR0.75_COMP0.8_MOM0,40,0.75,0.8,0,187,10.272484584147993,True,ACCEPT,-38676.5,214196.5,-252873.0,-206.83,0.85,-63521.5,35.29,-7.55,9.78,76,111,0.88,0.83,21,0.9,MARGINAL,0.4946,0.4444,4,MIXED,breakout,"CompressionFilter,ExpansionBarFilter,BreakoutCloseStrengthFilter,BreakoutDistanceFilter,RisingBaseFilter","CompressionFilter,ExpansionBarFilter,BreakoutCloseStrengthFilter,BreakoutDistanceFilter,RisingBaseFilter"
RefinedBreakout_HB8_ATR0.5_COMP0.8_MOM0,8,0.5,0.8,0,231,12.689539780418107,True,ACCEPT,-38798.5,280366.5,-319165.0,-167.96,0.88,-80399.5,36.36,-4.71,5.77,94,137,0.91,0.86,29,0.65,MARGINAL,0.4889,0.4444,4,MIXED,breakout,"CompressionFilter,ExpansionBarFilter,BreakoutCloseStrengthFilter,BreakoutDistanceFilter,RisingBaseFilter","CompressionFilter,ExpansionBarFilter,BreakoutCloseStrengthFilter,BreakoutDistanceFilter,RisingBaseFilter"
RefinedBreakout_HB40_ATR0.75_COMP0.9_MOM0,40,0.75,0.9,0,812,44.605654985712135,True,ACCEPT,-39990.0,860442.0,-900432.0,-49.25,0.96,-92346.5,36.21,-6.98,9.4,421,391,0.8,1.07,57,0.72,MARGINAL,0.4604,0.4737,5,INCONSISTENT,breakout,"CompressionFilter,ExpansionBarFilter,BreakoutCloseStrengthFilter,BreakoutDistanceFilter,RisingBaseFilter","CompressionFilter,ExpansionBarFilter,BreakoutCloseStrengthFilter,BreakoutDistanceFilter,RisingBaseFilter"
RefinedBreakout_HB20_ATR0.75_COMP0.9_MOM0,20,0.75,0.9,0,871,47.84670627161979,True,ACCEPT,-40914.0,786640.0,-827554.0,-46.97,0.95,-90957.0,38.12,-6.12,7.86,457,414,0.79,1.06,59,0.85,MARGINAL,0.4599,0.4737,6,INCONSISTENT,breakout,"CompressionFilter,ExpansionBarFilter,BreakoutCloseStrengthFilter,BreakoutDistanceFilter,RisingBaseFilter","CompressionFilter,ExpansionBarFilter,BreakoutCloseStrengthFilter,BreakoutDistanceFilter,RisingBaseFilter"
RefinedBreakout_HB32_ATR1.0_COMP0.9_MOM0,32,1.0,0.9,0,802,44.05632425928711,True,ACCEPT,-41840.0,640774.0,-682614.0,-52.17,0.94,-85142.0,41.02,-7.92,9.72,423,379,0.75,1.07,54,0.84,MARGINAL,0.4541,0.4211,5,INCONSISTENT,breakout,"CompressionFilter,ExpansionBarFilter,BreakoutCloseStrengthFilter,BreakoutDistanceFilter,RisingBaseFilter","CompressionFilter,ExpansionBarFilter,BreakoutCloseStrengthFilter,BreakoutDistanceFilter,RisingBaseFilter"
RefinedBreakout_HB40_ATR1.5_COMP0.9_MOM0,40,1.5,0.9,0,765,42.02380057151451,True,ACCEPT,-43480.0,444701.0,-488181.0,-56.84,0.91,-55981.5,44.58,-9.38,11.0,411,354,0.77,1.01,52,0.69,MARGINAL_BORDERLINE,0.4524,0.4737,5,INCONSISTENT,breakout,"CompressionFilter,ExpansionBarFilter,BreakoutCloseStrengthFilter,BreakoutDistanceFilter,RisingBaseFilter","CompressionFilter,ExpansionBarFilter,BreakoutCloseStrengthFilter,BreakoutDistanceFilter,RisingBaseFilter"
RefinedBreakout_HB24_ATR2.0_COMP0.9_MOM0,24,2.0,0.9,0,810,44.49578884042713,True,ACCEPT,-44551.5,375828.5,-420380.0,-55.0,0.89,-54197.0,46.17,-9.02,9.64,438,372,0.76,0.98,54,0.85,MARGINAL_BORDERLINE,0.4509,0.3684,6,INCONSISTENT,breakout,"CompressionFilter,ExpansionBarFilter,BreakoutCloseStrengthFilter,BreakoutDistanceFilter,RisingBaseFilter","CompressionFilter,ExpansionBarFilter,BreakoutCloseStrengthFilter,BreakoutDistanceFilter,RisingBaseFilter"
RefinedBreakout_HB32_ATR0.75_COMP0.9_MOM0,32,0.75,0.9,0,826,45.37471800270717,True,ACCEPT,-45410.5,785573.5,-830984.0,-54.98,0.95,-101626.5,36.8,-6.81,8.99,428,398,0.76,1.09,57,0.89,MARGINAL,0.4516,0.3684,6,INCONSISTENT,breakout,"CompressionFilter,ExpansionBarFilter,BreakoutCloseStrengthFilter,BreakoutDistanceFilter,RisingBaseFilter","CompressionFilter,ExpansionBarFilter,BreakoutCloseStrengthFilter,BreakoutDistanceFilter,RisingBaseFilter"
RefinedBreakout_HB24_ATR1.5_COMP0.9_MOM0,24,1.5,0.9,0,812,44.605654985712135,True,ACCEPT,-45566.0,384163.5,-429729.5,-56.12,0.89,-56573.5,44.58,-8.34,9.45,438,374,0.74,1.01,55,0.78,MARGINAL_BORDERLINE,0.4344,0.2632,11,INCONSISTENT,breakout,"CompressionFilter,ExpansionBarFilter,BreakoutCloseStrengthFilter,BreakoutDistanceFilter,RisingBaseFilter","CompressionFilter,ExpansionBarFilter,BreakoutCloseStrengthFilter,BreakoutDistanceFilter,RisingBaseFilter"
RefinedBreakout_HB32_ATR1.5_COMP0.9_MOM0,32,1.5,0.9,0,782,42.95766280643706,True,ACCEPT,-46302.5,403266.5,-449569.0,-59.21,0.9,-60605.0,43.99,-9.07,10.45,420,362,0.74,1.02,52,0.75,MARGINAL_BORDERLINE,0.4366,0.4211,6,INCONSISTENT,breakout,"CompressionFilter,ExpansionBarFilter,BreakoutCloseStrengthFilter,BreakoutDistanceFilter,RisingBaseFilter","CompressionFilter,ExpansionBarFilter,BreakoutCloseStrengthFilter,BreakoutDistanceFilter,RisingBaseFilter"
RefinedBreakout_HB8_ATR1.25_COMP0.9_MOM0,8,1.25,0.9,0,963,52.900548954730034,True,ACCEPT,-47030.0,405603.0,-452633.0,-48.84,0.9,-70902.5,43.61,-5.78,6.22,521,442,0.68,1.07,60,0.87,MARGINAL,0.4417,0.3684,4,INCONSISTENT,breakout,"CompressionFilter,ExpansionBarFilter,BreakoutCloseStrengthFilter,BreakoutDistanceFilter,RisingBaseFilter","CompressionFilter,ExpansionBarFilter,BreakoutCloseStrengthFilter,BreakoutDistanceFilter,RisingBaseFilter"
RefinedBreakout_HB32_ATR2.0_COMP0.9_MOM0,32,2.0,0.9,0,779,42.79286358850955,True,ACCEPT,-54291.5,362389.0,-416680.5,-69.69,0.87,-54291.5,45.96,-9.82,10.7,420,359,0.73,0.97,51,0.7,MARGINAL_BORDERLINE,0.4316,0.3158,6,INCONSISTENT,breakout,"CompressionFilter,ExpansionBarFilter,BreakoutCloseStrengthFilter,BreakoutDistanceFilter,RisingBaseFilter","CompressionFilter,ExpansionBarFilter,BreakoutCloseStrengthFilter,BreakoutDistanceFilter,RisingBaseFilter"
RefinedBreakout_HB40_ATR0.5_COMP0.8_MOM0,40,0.5,0.8,0,205,11.26127989171304,True,ACCEPT,-54939.5,282176.0,-337115.5,-268.0,0.84,-83052.5,30.24,-5.51,8.35,83,122,0.84,0.84,25,0.5,MARGINAL,0.5059,0.5556,2,MIXED,breakout,"CompressionFilter,ExpansionBarFilter,BreakoutCloseStrengthFilter,BreakoutDistanceFilter,RisingBaseFilter","CompressionFilter,ExpansionBarFilter,BreakoutCloseStrengthFilter,BreakoutDistanceFilter,RisingBaseFilter"
RefinedBreakout_HB8_ATR1.0_COMP0.9_MOM0,8,1.0,0.9,0,972,53.394946608512555,True,ACCEPT,-55949.5,446980.0,-502929.5,-57.56,0.89,-83688.5,42.28,-5.59,6.08,522,450,0.68,1.06,61,0.94,MARGINAL,0.4617,0.4211,3,MIXED,breakout,"CompressionFilter,ExpansionBarFilter,BreakoutCloseStrengthFilter,BreakoutDistanceFilter,RisingBaseFilter","CompressionFilter,ExpansionBarFilter,BreakoutCloseStrengthFilter,BreakoutDistanceFilter,RisingBaseFilter"
RefinedBreakout_HB24_ATR1.0_COMP0.9_MOM0,24,1.0,0.9,0,830,45.594450293277184,True,ACCEPT,-58993.5,574636.0,-633629.5,-71.08,0.91,-77719.0,41.45,-7.42,8.87,440,390,0.76,1.02,57,0.85,MARGINAL_BORDERLINE,0.4551,0.3158,5,INCONSISTENT,breakout,"CompressionFilter,ExpansionBarFilter,BreakoutCloseStrengthFilter,BreakoutDistanceFilter,RisingBaseFilter","CompressionFilter,ExpansionBarFilter,BreakoutCloseStrengthFilter,BreakoutDistanceFilter,RisingBaseFilter"
RefinedBreakout_HB40_ATR1.25_COMP0.9_MOM0,40,1.25,0.9,0,770,42.29846593472703,True,ACCEPT,-59993.0,524125.5,-584118.5,-77.91,0.9,-67937.0,42.47,-8.81,10.64,412,358,0.74,1.01,53,0.67,MARGINAL_BORDERLINE,0.4412,0.4211,5,INCONSISTENT,breakout,"CompressionFilter,ExpansionBarFilter,BreakoutCloseStrengthFilter,BreakoutDistanceFilter,RisingBaseFilter","CompressionFilter,ExpansionBarFilter,BreakoutCloseStrengthFilter,BreakoutDistanceFilter,RisingBaseFilter"
RefinedBreakout_HB32_ATR1.25_COMP0.9_MOM0,32,1.25,0.9,0,787,43.23232816964957,True,ACCEPT,-64166.0,478603.5,-542769.5,-81.53,0.88,-76424.5,42.44,-8.55,10.14,421,366,0.7,1.01,53,0.72,MARGINAL_BORDERLINE,0.4354,0.4737,5,INCONSISTENT,breakout,"CompressionFilter,ExpansionBarFilter,BreakoutCloseStrengthFilter,BreakoutDistanceFilter,RisingBaseFilter","CompressionFilter,ExpansionBarFilter,BreakoutCloseStrengthFilter,BreakoutDistanceFilter,RisingBaseFilter"
RefinedBreakout_HB24_ATR1.25_COMP0.9_MOM0,24,1.25,0.9,0,815,44.770454203639645,True,ACCEPT,-68274.0,462056.0,-530330.0,-83.77,0.87,-75234.5,43.19,-7.95,9.23,438,377,0.71,0.99,56,0.63,MARGINAL_BORDERLINE,0.418,0.3158,6,INCONSISTENT,breakout,"CompressionFilter,ExpansionBarFilter,BreakoutCloseStrengthFilter,BreakoutDistanceFilter,RisingBaseFilter","CompressionFilter,ExpansionBarFilter,BreakoutCloseStrengthFilter,BreakoutDistanceFilter,RisingBaseFilter"
RefinedBreakout_HB40_ATR0.5_COMP0.9_MOM0,40,0.5,0.9,0,857,47.07764325462475,True,ACCEPT,-68661.5,1158840.0,-1227501.5,-80.12,0.94,-132445.5,30.46,-5.53,8.21,439,418,0.82,1.03,60,0.46,MARGINAL_BORDERLINE,0.436,0.4211,7,INCONSISTENT,breakout,"CompressionFilter,ExpansionBarFilter,BreakoutCloseStrengthFilter,BreakoutDistanceFilter,RisingBaseFilter","CompressionFilter,ExpansionBarFilter,BreakoutCloseStrengthFilter,BreakoutDistanceFilter,RisingBaseFilter"
RefinedBreakout_HB16_ATR0.75_COMP0.9_MOM0,16,0.75,0.9,0,905,49.71443074146488,True,ACCEPT,-71825.0,671692.5,-743517.5,-79.36,0.9,-108541.0,39.34,-6.0,7.29,477,428,0.75,1.03,60,0.93,MARGINAL_BORDERLINE,0.4505,0.3684,6,INCONSISTENT,breakout,"CompressionFilter,ExpansionBarFilter,BreakoutCloseStrengthFilter,BreakoutDistanceFilter,RisingBaseFilter","CompressionFilter,ExpansionBarFilter,BreakoutCloseStrengthFilter,BreakoutDistanceFilter,RisingBaseFilter"
RefinedBreakout_HB12_ATR0.75_COMP0.9_MOM0,12,0.75,0.9,0,936,51.417355993382465,True,ACCEPT,-76697.0,671114.5,-747811.5,-81.94,0.9,-97830.5,39.53,-5.64,6.75,488,448,0.77,0.99,62,0.7,MARGINAL_BORDERLINE,0.4524,0.3684,5,INCONSISTENT,breakout,"CompressionFilter,ExpansionBarFilter,BreakoutCloseStrengthFilter,BreakoutDistanceFilter,RisingBaseFilter","CompressionFilter,ExpansionBarFilter,BreakoutCloseStrengthFilter,BreakoutDistanceFilter,RisingBaseFilter"
RefinedBreakout_HB40_ATR2.0_COMP1.0_MOM0,40,2.0,1.0,0,1698,93.27635734696946,True,ACCEPT,-77605.0,475991.5,-553596.5,-45.7,0.86,-93536.0,45.17,-10.04,10.65,980,718,0.66,1.04,86,0.9,MARGINAL_BORDERLINE,0.4183,0.2632,11,INCONSISTENT,breakout,"CompressionFilter,ExpansionBarFilter,BreakoutCloseStrengthFilter,BreakoutDistanceFilter,RisingBaseFilter","CompressionFilter,ExpansionBarFilter,BreakoutCloseStrengthFilter,BreakoutDistanceFilter,RisingBaseFilter"
RefinedBreakout_HB24_ATR0.75_COMP0.9_MOM0,24,0.75,0.9,0,853,46.857910964054746,True,ACCEPT,-78566.0,697945.5,-776511.5,-92.11,0.9,-108277.0,37.63,-6.51,8.27,444,409,0.77,1.0,59,0.86,MARGINAL_BORDERLINE,0.4529,0.2632,6,INCONSISTENT,breakout,"CompressionFilter,ExpansionBarFilter,BreakoutCloseStrengthFilter,BreakoutDistanceFilter,RisingBaseFilter","CompressionFilter,ExpansionBarFilter,BreakoutCloseStrengthFilter,BreakoutDistanceFilter,RisingBaseFilter"
RefinedBreakout_HB32_ATR2.0_COMP1.0_MOM0,32,2.0,1.0,0,1745,95.85821176116708,True,ACCEPT,-78758.0,455526.5,-534284.5,-45.13,0.85,-97470.0,45.67,-9.57,10.02,1004,741,0.65,1.04,89,0.92,MARGINAL_BORDERLINE,0.4172,0.2632,11,INCONSISTENT,breakout,"CompressionFilter,ExpansionBarFilter,BreakoutCloseStrengthFilter,BreakoutDistanceFilter,RisingBaseFilter","CompressionFilter,ExpansionBarFilter,BreakoutCloseStrengthFilter,BreakoutDistanceFilter,RisingBaseFilter"
RefinedBreakout_HB20_ATR2.0_COMP1.0_MOM0,20,2.0,1.0,0,1905,104.6475033839675,True,ACCEPT,-80693.0,413819.0,-494512.0,-42.36,0.84,-96178.5,45.46,-8.25,8.25,1103,802,0.63,1.03,95,0.83,MARGINAL_BORDERLINE,0.403,0.2105,13,INCONSISTENT,breakout,"CompressionFilter,ExpansionBarFilter,BreakoutCloseStrengthFilter,BreakoutDistanceFilter,RisingBaseFilter","CompressionFilter,ExpansionBarFilter,BreakoutCloseStrengthFilter,BreakoutDistanceFilter,RisingBaseFilter"
RefinedBreakout_HB24_ATR2.0_COMP1.0_MOM0,24,2.0,1.0,0,1826,100.3077906452098,True,ACCEPT,-82378.0,430762.5,-513140.5,-45.11,0.84,-97420.0,45.84,-8.82,9.0,1054,772,0.63,1.03,94,0.86,MARGINAL_BORDERLINE,0.4064,0.2632,11,INCONSISTENT,breakout,"CompressionFilter,ExpansionBarFilter,BreakoutCloseStrengthFilter,BreakoutDistanceFilter,RisingBaseFilter","CompressionFilter,ExpansionBarFilter,BreakoutCloseStrengthFilter,BreakoutDistanceFilter,RisingBaseFilter"
RefinedBreakout_HB8_ATR0.75_COMP0.9_MOM0,8,0.75,0.9,0,988,54.2738757707926,True,ACCEPT,-89114.0,560020.5,-649134.5,-90.2,0.86,-119831.0,39.78,-5.13,5.82,524,464,0.7,1.0,63,0.91,MARGINAL_BORDERLINE,0.4368,0.3158,6,INCONSISTENT,breakout,"CompressionFilter,ExpansionBarFilter,BreakoutCloseStrengthFilter,BreakoutDistanceFilter,RisingBaseFilter","CompressionFilter,ExpansionBarFilter,BreakoutCloseStrengthFilter,BreakoutDistanceFilter,RisingBaseFilter"
RefinedBreakout_HB20_ATR0.5_COMP0.9_MOM0,20,0.5,0.9,0,908,49.87922995939239,True,ACCEPT,-89317.5,1018638.0,-1107955.5,-98.37,0.92,-143080.5,32.71,-5.02,7.01,469,439,0.81,1.01,62,0.54,MARGINAL_BORDERLINE,0.4415,0.4211,6,INCONSISTENT,breakout,"CompressionFilter,ExpansionBarFilter,BreakoutCloseStrengthFilter,BreakoutDistanceFilter,RisingBaseFilter","CompressionFilter,ExpansionBarFilter,BreakoutCloseStrengthFilter,BreakoutDistanceFilter,RisingBaseFilter"
RefinedBreakout_HB16_ATR2.0_COMP1.0_MOM0,16,2.0,1.0,0,1985,109.04214919536773,True,ACCEPT,-92508.0,392153.5,-484661.5,-46.6,0.81,-97177.0,44.84,-7.76,7.49,1150,835,0.61,1.0,97,0.82,MARGINAL_BORDERLINE,0.3981,0.1579,13,INCONSISTENT,breakout,"CompressionFilter,ExpansionBarFilter,BreakoutCloseStrengthFilter,BreakoutDistanceFilter,RisingBaseFilter","CompressionFilter,ExpansionBarFilter,BreakoutCloseStrengthFilter,BreakoutDistanceFilter,RisingBaseFilter"
RefinedBreakout_HB8_ATR2.0_COMP1.0_MOM0,8,2.0,1.0,0,2257,123.98394495412843,True,ACCEPT,-94725.5,332841.5,-427567.0,-41.97,0.78,-107189.0,42.62,-6.04,5.67,1314,943,0.53,1.05,105,1.13,MARGINAL_BORDERLINE,0.3982,0.2632,11,INCONSISTENT,breakout,"CompressionFilter,ExpansionBarFilter,BreakoutCloseStrengthFilter,BreakoutDistanceFilter,RisingBaseFilter","CompressionFilter,ExpansionBarFilter,BreakoutCloseStrengthFilter,BreakoutDistanceFilter,RisingBaseFilter"
RefinedBreakout_HB32_ATR0.5_COMP0.9_MOM0,32,0.5,0.9,0,871,47.84670627161979,True,ACCEPT,-98883.0,978412.5,-1077295.5,-113.53,0.91,-141467.0,31.0,-5.4,7.83,445,426,0.81,0.99,60,0.58,MARGINAL_BORDERLINE,0.4413,0.3684,7,INCONSISTENT,breakout,"CompressionFilter,ExpansionBarFilter,BreakoutCloseStrengthFilter,BreakoutDistanceFilter,RisingBaseFilter","CompressionFilter,ExpansionBarFilter,BreakoutCloseStrengthFilter,BreakoutDistanceFilter,RisingBaseFilter"
RefinedBreakout_HB12_ATR2.0_COMP1.0_MOM0,12,2.0,1.0,0,2092,114.9199879681155,True,ACCEPT,-101228.5,364978.0,-466206.5,-48.39,0.78,-103324.0,43.55,-7.02,6.71,1205,887,0.58,0.99,101,0.95,MARGINAL_BORDERLINE,0.4015,0.1579,12,INCONSISTENT,breakout,"CompressionFilter,ExpansionBarFilter,BreakoutCloseStrengthFilter,BreakoutDistanceFilter,RisingBaseFilter","CompressionFilter,ExpansionBarFilter,BreakoutCloseStrengthFilter,BreakoutDistanceFilter,RisingBaseFilter"
RefinedBreakout_HB32_ATR1.5_COMP1.0_MOM0,32,1.5,1.0,0,1761,96.73714092344713,True,ACCEPT,-107333.5,491657.0,-598990.5,-60.95,0.82,-126777.0,43.78,-8.82,9.7,1005,756,0.65,1.04,92,1.01,MARGINAL_BORDERLINE,0.4234,0.2632,11,INCONSISTENT,breakout,"CompressionFilter,ExpansionBarFilter,BreakoutCloseStrengthFilter,BreakoutDistanceFilter,RisingBaseFilter","CompressionFilter,ExpansionBarFilter,BreakoutCloseStrengthFilter,BreakoutDistanceFilter,RisingBaseFilter"
RefinedBreakout_HB40_ATR1.5_COMP1.0_MOM0,40,1.5,1.0,0,1717,94.32008572717702,True,ACCEPT,-109021.5,560467.0,-669488.5,-63.5,0.84,-116718.0,42.98,-9.19,10.25,982,735,0.67,1.02,89,0.97,MARGINAL_BORDERLINE,0.4262,0.2632,11,INCONSISTENT,breakout,"CompressionFilter,ExpansionBarFilter,BreakoutCloseStrengthFilter,BreakoutDistanceFilter,RisingBaseFilter","CompressionFilter,ExpansionBarFilter,BreakoutCloseStrengthFilter,BreakoutDistanceFilter,RisingBaseFilter"
RefinedBreakout_HB20_ATR1.5_COMP1.0_MOM0,20,1.5,1.0,0,1916,105.25176718303504,True,ACCEPT,-109553.0,453799.5,-563352.5,-57.18,0.81,-121912.0,44.05,-7.73,8.09,1103,813,0.63,1.03,98,0.87,MARGINAL_BORDERLINE,0.4063,0.2632,12,INCONSISTENT,breakout,"CompressionFilter,ExpansionBarFilter,BreakoutCloseStrengthFilter,BreakoutDistanceFilter,RisingBaseFilter","CompressionFilter,ExpansionBarFilter,BreakoutCloseStrengthFilter,BreakoutDistanceFilter,RisingBaseFilter"
RefinedBreakout_HB24_ATR1.5_COMP1.0_MOM0,24,1.5,1.0,0,1839,101.02192058956234,True,ACCEPT,-109996.5,470134.0,-580130.5,-59.81,0.81,-121410.0,44.15,-8.17,8.76,1054,785,0.64,1.03,97,0.94,MARGINAL_BORDERLINE,0.4155,0.2632,11,INCONSISTENT,breakout,"CompressionFilter,ExpansionBarFilter,BreakoutCloseStrengthFilter,BreakoutDistanceFilter,RisingBaseFilter","CompressionFilter,ExpansionBarFilter,BreakoutCloseStrengthFilter,BreakoutDistanceFilter,RisingBaseFilter"
RefinedBreakout_HB16_ATR0.5_COMP0.9_MOM0,16,0.5,0.9,0,935,51.36242292073996,True,ACCEPT,-110084.5,883813.0,-993897.5,-117.74,0.89,-147802.5,33.37,-4.96,6.58,486,449,0.78,0.99,62,0.54,MARGINAL_BORDERLINE,0.4294,0.3684,7,INCONSISTENT,breakout,"CompressionFilter,ExpansionBarFilter,BreakoutCloseStrengthFilter,BreakoutDistanceFilter,RisingBaseFilter","CompressionFilter,ExpansionBarFilter,BreakoutCloseStrengthFilter,BreakoutDistanceFilter,RisingBaseFilter"
RefinedBreakout_HB16_ATR1.5_COMP1.0_MOM0,16,1.5,1.0,0,1995,109.59147992179275,True,ACCEPT,-117896.5,438339.5,-556236.0,-59.1,0.79,-122681.5,43.86,-7.32,7.36,1150,845,0.62,1.0,99,0.9,MARGINAL_BORDERLINE,0.4069,0.1579,13,INCONSISTENT,breakout,"CompressionFilter,ExpansionBarFilter,BreakoutCloseStrengthFilter,BreakoutDistanceFilter,RisingBaseFilter","CompressionFilter,ExpansionBarFilter,BreakoutCloseStrengthFilter,BreakoutDistanceFilter,RisingBaseFilter"
RefinedBreakout_HB40_ATR1.0_COMP1.0_MOM0,40,1.0,1.0,0,1766,97.01180628665965,True,ACCEPT,-118747.5,760099.0,-878846.5,-67.24,0.86,-156599.0,39.01,-7.88,9.54,992,774,0.67,1.08,91,1.21,MARGINAL,0.4432,0.2632,11,INCONSISTENT,breakout,"CompressionFilter,ExpansionBarFilter,BreakoutCloseStrengthFilter,BreakoutDistanceFilter,RisingBaseFilter","CompressionFilter,ExpansionBarFilter,BreakoutCloseStrengthFilter,BreakoutDistanceFilter,RisingBaseFilter"
RefinedBreakout_HB8_ATR1.5_COMP1.0_MOM0,8,1.5,1.0,0,2262,124.25861031734095,True,ACCEPT,-124210.0,361848.0,-486058.0,-54.91,0.74,-134808.0,41.82,-5.8,5.61,1314,948,0.54,1.04,105,1.13,MARGINAL_BORDERLINE,0.4005,0.2632,11,INCONSISTENT,breakout,"CompressionFilter,ExpansionBarFilter,BreakoutCloseStrengthFilter,BreakoutDistanceFilter,RisingBaseFilter","CompressionFilter,ExpansionBarFilter,BreakoutCloseStrengthFilter,BreakoutDistanceFilter,RisingBaseFilter"
RefinedBreakout_HB12_ATR0.5_COMP0.9_MOM0,12,0.5,0.9,0,965,53.01041510001504,True,ACCEPT,-125603.5,875974.5,-1001578.0,-130.16,0.87,-158312.0,35.34,-4.77,6.11,497,468,0.81,0.94,64,0.42,MARGINAL,0.463,0.3158,3,INCONSISTENT,breakout,"CompressionFilter,ExpansionBarFilter,BreakoutCloseStrengthFilter,BreakoutDistanceFilter,RisingBaseFilter","CompressionFilter,ExpansionBarFilter,BreakoutCloseStrengthFilter,BreakoutDistanceFilter,RisingBaseFilter"
RefinedBreakout_HB20_ATR1.25_COMP1.0_MOM0,20,1.25,1.0,0,1927,105.85603098210257,True,ACCEPT,-129906.5,564105.5,-694012.0,-67.41,0.81,-136746.5,43.23,-7.31,7.93,1103,824,0.63,1.02,99,0.86,MARGINAL_BORDERLINE,0.4072,0.1579,12,INCONSISTENT,breakout,"CompressionFilter,ExpansionBarFilter,BreakoutCloseStrengthFilter,BreakoutDistanceFilter,RisingBaseFilter","CompressionFilter,ExpansionBarFilter,BreakoutCloseStrengthFilter,BreakoutDistanceFilter,RisingBaseFilter"
RefinedBreakout_HB24_ATR1.25_COMP1.0_MOM0,24,1.25,1.0,0,1850,101.62618438862987,True,ACCEPT,-129960.5,517925.5,-647886.0,-70.25,0.8,-137847.0,42.97,-7.7,8.55,1055,795,0.64,1.02,98,0.97,MARGINAL_BORDERLINE,0.4167,0.2632,11,INCONSISTENT,breakout,"CompressionFilter,ExpansionBarFilter,BreakoutCloseStrengthFilter,BreakoutDistanceFilter,RisingBaseFilter","CompressionFilter,ExpansionBarFilter,BreakoutCloseStrengthFilter,BreakoutDistanceFilter,RisingBaseFilter"
RefinedBreakout_HB12_ATR1.5_COMP1.0_MOM0,12,1.5,1.0,0,2103,115.52425176718303,True,ACCEPT,-130234.5,401117.0,-531351.5,-61.93,0.75,-130234.5,42.27,-6.7,6.61,1205,898,0.59,0.97,102,0.89,MARGINAL_BORDERLINE,0.4013,0.2105,12,INCONSISTENT,breakout,"CompressionFilter,ExpansionBarFilter,BreakoutCloseStrengthFilter,BreakoutDistanceFilter,RisingBaseFilter","CompressionFilter,ExpansionBarFilter,BreakoutCloseStrengthFilter,BreakoutDistanceFilter,RisingBaseFilter"
RefinedBreakout_HB32_ATR1.25_COMP1.0_MOM0,32,1.25,1.0,0,1776,97.56113701308468,True,ACCEPT,-130340.0,494178.0,-624518.0,-73.39,0.79,-145045.0,42.45,-8.27,9.43,1007,769,0.64,1.03,93,1.08,MARGINAL_BORDERLINE,0.4241,0.2632,11,INCONSISTENT,breakout,"CompressionFilter,ExpansionBarFilter,BreakoutCloseStrengthFilter,BreakoutDistanceFilter,RisingBaseFilter","CompressionFilter,ExpansionBarFilter,BreakoutCloseStrengthFilter,BreakoutDistanceFilter,RisingBaseFilter"
RefinedBreakout_HB40_ATR1.25_COMP1.0_MOM0,40,1.25,1.0,0,1734,95.25394796209956,True,ACCEPT,-131141.5,584162.0,-715303.5,-75.63,0.82,-138038.5,41.29,-8.56,9.95,984,750,0.67,1.0,90,1.04,MARGINAL_BORDERLINE,0.432,0.2632,11,INCONSISTENT,breakout,"CompressionFilter,ExpansionBarFilter,BreakoutCloseStrengthFilter,BreakoutDistanceFilter,RisingBaseFilter","CompressionFilter,ExpansionBarFilter,BreakoutCloseStrengthFilter,BreakoutDistanceFilter,RisingBaseFilter"
RefinedBreakout_HB16_ATR1.25_COMP1.0_MOM0,16,1.25,1.0,0,2004,110.08587757557527,True,ACCEPT,-134252.0,487802.5,-622054.5,-66.99,0.78,-137950.0,43.16,-6.95,7.27,1150,854,0.62,1.0,100,1.01,MARGINAL_BORDERLINE,0.4145,0.1579,12,INCONSISTENT,breakout,"CompressionFilter,ExpansionBarFilter,BreakoutCloseStrengthFilter,BreakoutDistanceFilter,RisingBaseFilter","CompressionFilter,ExpansionBarFilter,BreakoutCloseStrengthFilter,BreakoutDistanceFilter,RisingBaseFilter"
RefinedBreakout_HB40_ATR0.75_COMP1.0_MOM0,40,0.75,1.0,0,1818,99.86832606406978,True,ACCEPT,-138546.0,896616.5,-1035162.5,-76.21,0.87,-176499.5,35.53,-6.92,8.89,1008,810,0.68,1.07,97,1.04,MARGINAL,0.4336,0.3684,7,INCONSISTENT,breakout,"CompressionFilter,ExpansionBarFilter,BreakoutCloseStrengthFilter,BreakoutDistanceFilter,RisingBaseFilter","CompressionFilter,ExpansionBarFilter,BreakoutCloseStrengthFilter,BreakoutDistanceFilter,RisingBaseFilter"
RefinedBreakout_HB24_ATR0.5_COMP0.9_MOM0,24,0.5,0.9,0,895,49.165100015039854,True,ACCEPT,-139930.5,830989.0,-970919.5,-156.35,0.86,-172427.5,32.18,-5.27,7.27,459,436,0.8,0.91,62,0.55,MARGINAL,0.4415,0.2105,7,INCONSISTENT,breakout,"CompressionFilter,ExpansionBarFilter,BreakoutCloseStrengthFilter,BreakoutDistanceFilter,RisingBaseFilter","CompressionFilter,ExpansionBarFilter,BreakoutCloseStrengthFilter,BreakoutDistanceFilter,RisingBaseFilter"
RefinedBreakout_HB8_ATR0.5_COMP0.9_MOM0,8,0.5,0.9,0,1012,55.59226951421266,True,ACCEPT,-140718.5,678481.5,-819200.0,-139.05,0.83,-176779.0,35.87,-4.49,5.34,530,482,0.72,0.95,65,0.6,MARGINAL,0.4183,0.2632,7,INCONSISTENT,breakout,"CompressionFilter,ExpansionBarFilter,BreakoutCloseStrengthFilter,BreakoutDistanceFilter,RisingBaseFilter","CompressionFilter,ExpansionBarFilter,BreakoutCloseStrengthFilter,BreakoutDistanceFilter,RisingBaseFilter"
RefinedBreakout_HB8_ATR1.25_COMP1.0_MOM0,8,1.25,1.0,0,2267,124.53327568055346,True,ACCEPT,-142607.5,375491.5,-518099.0,-62.91,0.72,-151152.0,41.2,-5.63,5.57,1314,953,0.54,1.03,106,1.2,MARGINAL_BORDERLINE,0.4067,0.2632,11,INCONSISTENT,breakout,"CompressionFilter,ExpansionBarFilter,BreakoutCloseStrengthFilter,BreakoutDistanceFilter,RisingBaseFilter","CompressionFilter,ExpansionBarFilter,BreakoutCloseStrengthFilter,BreakoutDistanceFilter,RisingBaseFilter"
RefinedBreakout_HB32_ATR1.0_COMP1.0_MOM0,32,1.0,1.0,0,1807,99.26406226500225,True,ACCEPT,-143835.5,598530.5,-742366.0,-79.6,0.81,-165227.5,40.18,-7.64,9.06,1015,792,0.64,1.05,94,1.15,MARGINAL_BORDERLINE,0.429,0.2632,11,INCONSISTENT,breakout,"CompressionFilter,ExpansionBarFilter,BreakoutCloseStrengthFilter,BreakoutDistanceFilter,RisingBaseFilter","CompressionFilter,ExpansionBarFilter,BreakoutCloseStrengthFilter,BreakoutDistanceFilter,RisingBaseFilter"
RefinedBreakout_HB12_ATR1.25_COMP1.0_MOM0,12,1.25,1.0,0,2109,115.85385020303805,True,ACCEPT,-144325.5,423684.5,-568010.0,-68.43,0.75,-147762.5,41.73,-6.41,6.54,1205,904,0.6,0.98,103,0.96,MARGINAL_BORDERLINE,0.407,0.2105,12,INCONSISTENT,breakout,"CompressionFilter,ExpansionBarFilter,BreakoutCloseStrengthFilter,BreakoutDistanceFilter,RisingBaseFilter","CompressionFilter,ExpansionBarFilter,BreakoutCloseStrengthFilter,BreakoutDistanceFilter,RisingBaseFilter"
RefinedBreakout_HB20_ATR1.0_COMP1.0_MOM0,20,1.0,1.0,0,1952,107.22935779816514,True,ACCEPT,-150048.5,545098.0,-695146.5,-76.87,0.78,-161159.5,41.39,-6.87,7.69,1109,843,0.62,1.04,100,1.02,MARGINAL_BORDERLINE,0.415,0.3158,11,INCONSISTENT,breakout,"CompressionFilter,ExpansionBarFilter,BreakoutCloseStrengthFilter,BreakoutDistanceFilter,RisingBaseFilter","CompressionFilter,ExpansionBarFilter,BreakoutCloseStrengthFilter,BreakoutDistanceFilter,RisingBaseFilter"
RefinedBreakout_HB24_ATR1.0_COMP1.0_MOM0,24,1.0,1.0,0,1878,103.16431042261993,True,ACCEPT,-151060.0,525776.0,-676836.0,-80.44,0.78,-161806.0,40.84,-7.2,8.26,1062,816,0.63,1.04,99,1.03,MARGINAL_BORDERLINE,0.4183,0.2632,11,INCONSISTENT,breakout,"CompressionFilter,ExpansionBarFilter,BreakoutCloseStrengthFilter,BreakoutDistanceFilter,RisingBaseFilter","CompressionFilter,ExpansionBarFilter,BreakoutCloseStrengthFilter,BreakoutDistanceFilter,RisingBaseFilter"
RefinedBreakout_HB16_ATR1.0_COMP1.0_MOM0,16,1.0,1.0,0,2027,111.34933824635283,True,ACCEPT,-152988.0,484480.0,-637468.0,-75.48,0.76,-162469.0,41.79,-6.58,7.07,1156,871,0.61,1.03,101,1.12,MARGINAL_BORDERLINE,0.4189,0.2632,11,INCONSISTENT,breakout,"CompressionFilter,ExpansionBarFilter,BreakoutCloseStrengthFilter,BreakoutDistanceFilter,RisingBaseFilter","CompressionFilter,ExpansionBarFilter,BreakoutCloseStrengthFilter,BreakoutDistanceFilter,RisingBaseFilter"
RefinedBreakout_HB32_ATR0.75_COMP1.0_MOM0,32,0.75,1.0,0,1857,102.01071589712738,True,ACCEPT,-153071.0,696900.0,-849971.0,-82.43,0.82,-180953.0,36.78,-6.74,8.47,1028,829,0.66,1.08,100,1.14,MARGINAL,0.434,0.3158,7,INCONSISTENT,breakout,"CompressionFilter,ExpansionBarFilter,BreakoutCloseStrengthFilter,BreakoutDistanceFilter,RisingBaseFilter","CompressionFilter,ExpansionBarFilter,BreakoutCloseStrengthFilter,BreakoutDistanceFilter,RisingBaseFilter"
RefinedBreakout_HB20_ATR0.75_COMP1.0_MOM0,20,0.75,1.0,0,1991,109.37174763122273,True,ACCEPT,-162791.5,649173.0,-811964.5,-81.76,0.8,-185377.0,38.27,-6.14,7.27,1118,873,0.63,1.06,103,1.06,MARGINAL,0.4197,0.3158,11,INCONSISTENT,breakout,"CompressionFilter,ExpansionBarFilter,BreakoutCloseStrengthFilter,BreakoutDistanceFilter,RisingBaseFilter","CompressionFilter,ExpansionBarFilter,BreakoutCloseStrengthFilter,BreakoutDistanceFilter,RisingBaseFilter"
RefinedBreakout_HB8_ATR1.0_COMP1.0_MOM0,8,1.0,1.0,0,2280,125.247405624906,True,ACCEPT,-163543.5,398567.5,-562111.0,-71.73,0.71,-176109.0,40.18,-5.45,5.48,1317,963,0.54,1.05,107,1.39,MARGINAL_BORDERLINE,0.419,0.2105,11,INCONSISTENT,breakout,"CompressionFilter,ExpansionBarFilter,BreakoutCloseStrengthFilter,BreakoutDistanceFilter,RisingBaseFilter","CompressionFilter,ExpansionBarFilter,BreakoutCloseStrengthFilter,BreakoutDistanceFilter,RisingBaseFilter"
RefinedBreakout_HB12_ATR1.0_COMP1.0_MOM0,12,1.0,1.0,0,2130,117.0074447285306,True,ACCEPT,-163792.0,446055.5,-609847.5,-76.9,0.73,-171244.5,40.8,-6.13,6.38,1210,920,0.59,1.0,104,1.12,MARGINAL_BORDERLINE,0.4142,0.2105,11,INCONSISTENT,breakout,"CompressionFilter,ExpansionBarFilter,BreakoutCloseStrengthFilter,BreakoutDistanceFilter,RisingBaseFilter","CompressionFilter,ExpansionBarFilter,BreakoutCloseStrengthFilter,BreakoutDistanceFilter,RisingBaseFilter"
RefinedBreakout_HB24_ATR0.75_COMP1.0_MOM0,24,0.75,1.0,0,1922,105.58136561889006,True,ACCEPT,-164158.5,670961.0,-835119.5,-85.41,0.8,-181157.5,37.83,-6.42,7.79,1072,850,0.65,1.05,103,1.05,MARGINAL_BORDERLINE,0.4262,0.2632,11,INCONSISTENT,breakout,"CompressionFilter,ExpansionBarFilter,BreakoutCloseStrengthFilter,BreakoutDistanceFilter,RisingBaseFilter","CompressionFilter,ExpansionBarFilter,BreakoutCloseStrengthFilter,BreakoutDistanceFilter,RisingBaseFilter"
RefinedBreakout_HB16_ATR0.75_COMP1.0_MOM0,16,0.75,1.0,0,2060,113.16212964355542,True,ACCEPT,-180059.0,516409.0,-696468.0,-87.41,0.74,-187819.5,38.83,-5.93,6.75,1163,897,0.62,1.02,105,1.03,MARGINAL_BORDERLINE,0.4167,0.1579,13,INCONSISTENT,breakout,"CompressionFilter,ExpansionBarFilter,BreakoutCloseStrengthFilter,BreakoutDistanceFilter,RisingBaseFilter","CompressionFilter,ExpansionBarFilter,BreakoutCloseStrengthFilter,BreakoutDistanceFilter,RisingBaseFilter"
RefinedBreakout_HB8_ATR0.75_COMP1.0_MOM0,8,0.75,1.0,0,2305,126.62073244096857,True,ACCEPT,-193998.0,430950.0,-624948.0,-84.16,0.69,-203439.5,38.18,-5.07,5.27,1319,986,0.56,1.01,110,1.36,MARGINAL_BORDERLINE,0.4244,0.1579,11,INCONSISTENT,breakout,"CompressionFilter,ExpansionBarFilter,BreakoutCloseStrengthFilter,BreakoutDistanceFilter,RisingBaseFilter","CompressionFilter,ExpansionBarFilter,BreakoutCloseStrengthFilter,BreakoutDistanceFilter,RisingBaseFilter"
RefinedBreakout_HB12_ATR0.75_COMP1.0_MOM0,12,0.75,1.0,0,2162,118.76530305309069,True,ACCEPT,-194365.5,488055.0,-682420.5,-89.9,0.72,-198493.0,38.25,-5.61,6.11,1216,946,0.61,0.97,108,0.98,MARGINAL_BORDERLINE,0.4128,0.2105,11,INCONSISTENT,breakout,"CompressionFilter,ExpansionBarFilter,BreakoutCloseStrengthFilter,BreakoutDistanceFilter,RisingBaseFilter","CompressionFilter,ExpansionBarFilter,BreakoutCloseStrengthFilter,BreakoutDistanceFilter,RisingBaseFilter"
RefinedBreakout_HB32_ATR0.5_COMP1.0_MOM0,32,0.5,1.0,0,1985,109.04214919536773,True,ACCEPT,-216498.0,565954.5,-782452.5,-109.07,0.72,-216498.0,29.67,-5.42,7.13,1069,916,0.65,0.96,112,0.54,MARGINAL_BORDERLINE,0.3896,0.2105,12,INCONSISTENT,breakout,"CompressionFilter,ExpansionBarFilter,BreakoutCloseStrengthFilter,BreakoutDistanceFilter,RisingBaseFilter","CompressionFilter,ExpansionBarFilter,BreakoutCloseStrengthFilter,BreakoutDistanceFilter,RisingBaseFilter"
RefinedBreakout_HB20_ATR0.5_COMP1.0_MOM0,20,0.5,1.0,0,2090,114.8101218228305,True,ACCEPT,-218137.5,541638.0,-759775.5,-104.37,0.71,-220171.0,31.72,-5.1,6.31,1142,948,0.63,0.96,114,0.54,MARGINAL_BORDERLINE,0.3839,0.1579,12,INCONSISTENT,breakout,"CompressionFilter,ExpansionBarFilter,BreakoutCloseStrengthFilter,BreakoutDistanceFilter,RisingBaseFilter","CompressionFilter,ExpansionBarFilter,BreakoutCloseStrengthFilter,BreakoutDistanceFilter,RisingBaseFilter"
RefinedBreakout_HB40_ATR0.5_COMP1.0_MOM0,40,0.5,1.0,0,1952,107.22935779816514,True,ACCEPT,-219170.0,619716.5,-838886.5,-112.28,0.74,-219170.0,28.53,-5.54,7.43,1052,900,0.65,0.95,111,0.45,MARGINAL_BORDERLINE,0.3874,0.1579,12,INCONSISTENT,breakout,"CompressionFilter,ExpansionBarFilter,BreakoutCloseStrengthFilter,BreakoutDistanceFilter,RisingBaseFilter","CompressionFilter,ExpansionBarFilter,BreakoutCloseStrengthFilter,BreakoutDistanceFilter,RisingBaseFilter"
RefinedBreakout_HB24_ATR0.5_COMP1.0_MOM0,24,0.5,1.0,0,2035,111.78880282749286,True,ACCEPT,-224029.0,556636.5,-780665.5,-110.09,0.71,-224029.0,31.11,-5.28,6.65,1103,932,0.65,0.92,114,0.5,MARGINAL,0.3913,0.2105,12,INCONSISTENT,breakout,"CompressionFilter,ExpansionBarFilter,BreakoutCloseStrengthFilter,BreakoutDistanceFilter,RisingBaseFilter","CompressionFilter,ExpansionBarFilter,BreakoutCloseStrengthFilter,BreakoutDistanceFilter,RisingBaseFilter"
RefinedBreakout_HB16_ATR0.5_COMP1.0_MOM0,16,0.5,1.0,0,2148,117.99624003609566,True,ACCEPT,-230666.5,521731.0,-752397.5,-107.39,0.69,-239382.0,32.03,-4.97,5.93,1182,966,0.62,0.91,115,0.48,MARGINAL,0.3868,0.2632,11,INCONSISTENT,breakout,"CompressionFilter,ExpansionBarFilter,BreakoutCloseStrengthFilter,BreakoutDistanceFilter,RisingBaseFilter","CompressionFilter,ExpansionBarFilter,BreakoutCloseStrengthFilter,BreakoutDistanceFilter,RisingBaseFilter"
RefinedBreakout_HB12_ATR0.5_COMP1.0_MOM0,12,0.5,1.0,0,2238,122.94021657392089,True,ACCEPT,-238969.0,516970.5,-755939.5,-106.78,0.68,-252173.0,33.24,-4.78,5.43,1232,1006,0.62,0.87,118,0.49,MARGINAL,0.3932,0.2105,11,INCONSISTENT,breakout,"CompressionFilter,ExpansionBarFilter,BreakoutCloseStrengthFilter,BreakoutDistanceFilter,RisingBaseFilter","CompressionFilter,ExpansionBarFilter,BreakoutCloseStrengthFilter,BreakoutDistanceFilter,RisingBaseFilter"
RefinedBreakout_HB8_ATR0.5_COMP1.0_MOM0,8,0.5,1.0,0,2368,130.08151601744623,True,ACCEPT,-246269.5,448558.0,-694827.5,-104.0,0.65,-248445.0,33.61,-4.47,4.76,1327,1041,0.57,0.87,119,0.58,MARGINAL,0.3872,0.1579,12,INCONSISTENT,breakout,"CompressionFilter,ExpansionBarFilter,BreakoutCloseStrengthFilter,BreakoutDistanceFilter,RisingBaseFilter","CompressionFilter,ExpansionBarFilter,BreakoutCloseStrengthFilter,BreakoutDistanceFilter,RisingBaseFilter"
